<?xml version="1.0" encoding="UTF-8"?>
<project-private xmlns="http://www.netbeans.org/ns/project-private/1">
    <editor-bookmarks xmlns="http://www.netbeans.org/ns/editor-bookmarks/2" lastBookmarkId="0"/>
    <open-files xmlns="http://www.netbeans.org/ns/projectui-open-files/2">
        <group>
            <file>file:/E:/Projects/ElectronicVoucherSystem/src/java/com/niit/gniitproject/ApplicationClass.java</file>
            <file>file:/E:/Projects/ElectronicVoucherSystem/src/java/com/niit/EVS/DAOImpl/EmployeeDAOImpl.java</file>
            <file>file:/E:/Projects/ElectronicVoucherSystem/src/java/com/niit/EVS/DAOImpl/VoucherDAOImpl.java</file>
            <file>file:/E:/Projects/ElectronicVoucherSystem/src/java/com/niit/EVS/DAOImpl/FSODAOImpl.java</file>
            <file>file:/E:/Projects/ElectronicVoucherSystem/src/java/com/niit/EVS/DAOImpl/DepartmentalManagerDAOImpl.java</file>
        </group>
    </open-files>
</project-private>
